PCA1_u,PCA2_u,PCA1_v,PCA2_v
-0.027102826499962037,-0.05751001091267757,-0.027102826499962037,-0.05751001091267757
-0.025361338183182827,-0.0596006332754594,-0.025361338183182827,-0.0596006332754594
-0.02369574209344789,-0.06119116472930566,-0.02369574209344789,-0.06119116472930566
-0.029413503299370723,-0.05501567500155209,-0.029413503299370723,-0.05501567500155209
-0.02793353198435829,-0.05802622932163293,-0.02793353198435829,-0.05802622932163293
-0.026288277443765766,-0.06015571216340156,-0.026288277443765766,-0.06015571216340156
-0.024429895988743365,-0.06146893329225243,-0.024429895988743365,-0.06146893329225243
-0.031245208075551315,-0.051728693114858344,-0.031245208075551315,-0.051728693114858344
-0.030149339176125462,-0.05603774618020905,-0.030149339176125462,-0.05603774618020905
-0.028736808427326944,-0.058973793172646144,-0.028736808427326944,-0.058973793172646144
-0.02713367289533577,-0.06095901689684862,-0.02713367289533577,-0.06095901689684862
-0.025333030533587604,-0.062003593446822734,-0.025333030533587604,-0.062003593446822734
-0.032538902539820516,-0.047399319499272584,-0.032538902539820516,-0.047399319499272584
-0.03210573843475622,-0.0530160805389784,-0.03210573843475622,-0.0530160805389784
-0.030972219979872106,-0.05710876686023057,-0.030972219979872106,-0.05710876686023057
-0.029620569026078753,-0.06000066211066085,-0.029620569026078753,-0.06000066211066085
-0.02789374069680658,-0.06169887452442192,-0.02789374069680658,-0.06169887452442192
-0.026261931228850604,-0.06255133110625274,-0.026261931228850604,-0.06255133110625274
-0.033941301761228566,-0.043233608053425715,-0.033941301761228566,-0.043233608053425715
-0.03363188487698694,-0.049221154166501066,-0.03363188487698694,-0.049221154166501066
-0.032897377243252555,-0.05403127648693278,-0.032897377243252555,-0.05403127648693278
-0.03153382098361629,-0.05778466160350853,-0.03153382098361629,-0.05778466160350853
-0.03032424808122891,-0.06047755836252584,-0.03032424808122891,-0.06047755836252584
-0.028640783463820027,-0.06204271943391052,-0.028640783463820027,-0.06204271943391052
-0.027036391825879635,-0.0628217010048901,-0.027036391825879635,-0.0628217010048901
-0.02325229627254476,-0.00023963486613643646,-0.02325229627254476,-0.00023963486613643646
-0.023766120133568474,-0.0021326281011076207,-0.023766120133568474,-0.0021326281011076207
-0.025391095078653298,-0.005453144493658829,-0.025391095078653298,-0.005453144493658829
-0.027764048758109002,-0.009879710474576774,-0.027764048758109002,-0.009879710474576774
-0.03023035945364919,-0.015991502367378417,-0.03023035945364919,-0.015991502367378417
-0.03286288340607098,-0.023550698435385858,-0.03286288340607098,-0.023550698435385858
-0.03441243597693301,-0.031490470886786005,-0.03441243597693301,-0.031490470886786005
-0.03493337139587521,-0.03836017041682025,-0.03493337139587521,-0.03836017041682025
-0.034764663144733324,-0.044730598248496845,-0.034764663144733324,-0.044730598248496845
-0.03420786593985614,-0.05008126862852589,-0.03420786593985614,-0.05008126862852589
-0.03340206651789149,-0.05468623913032239,-0.03340206651789149,-0.05468623913032239
-0.03224664166854897,-0.05823125048929158,-0.03224664166854897,-0.05823125048929158
-0.030958498391096944,-0.06088297321625677,-0.030958498391096944,-0.06088297321625677
-0.02933885544005194,-0.062190080036493296,-0.02933885544005194,-0.062190080036493296
-0.02785531185545937,-0.06290688377109482,-0.02785531185545937,-0.06290688377109482
-0.025026633350192205,0.004810158919480198,-0.025026633350192205,0.004810158919480198
-0.02659608211577475,0.0017140723008268824,-0.02659608211577475,0.0017140723008268824
-0.027928097156073643,-0.0014219498916858287,-0.027928097156073643,-0.0014219498916858287
-0.02928441440317767,-0.004283706290520196,-0.02928441440317767,-0.004283706290520196
-0.030797381676629154,-0.008631892588138963,-0.030797381676629154,-0.008631892588138963
-0.0325112037260126,-0.014114450016273835,-0.0325112037260126,-0.014114450016273835
-0.034224137259493914,-0.02038039675989169,-0.034224137259493914,-0.02038039675989169
-0.03556795608034334,-0.02713555899700699,-0.03556795608034334,-0.02713555899700699
-0.036215116103486975,-0.03417733501531705,-0.036215116103486975,-0.03417733501531705
-0.03607447066766033,-0.04056481635533101,-0.03607447066766033,-0.04056481635533101
-0.03571260339419859,-0.04624660670443329,-0.03571260339419859,-0.04624660670443329
-0.03511302361971112,-0.051230413829446236,-0.03511302361971112,-0.051230413829446236
-0.03416164399696967,-0.05537783601633416,-0.03416164399696967,-0.05537783601633416
-0.03282830550239913,-0.05854970702978297,-0.03282830550239913,-0.05854970702978297
-0.03131228743296072,-0.060604716868348875,-0.03131228743296072,-0.060604716868348875
-0.030050908407967182,-0.061894998888000256,-0.030050908407967182,-0.061894998888000256
-0.028562037829281076,-0.06273029165472191,-0.028562037829281076,-0.06273029165472191
-0.02277211634740931,0.012125638169511541,-0.02277211634740931,0.012125638169511541
-0.024539269602025078,0.010002853316985891,-0.024539269602025078,0.010002853316985891
-0.0261249165230856,0.0075580196030531075,-0.0261249165230856,0.0075580196030531075
-0.02736850759420396,0.004872660197671816,-0.02736850759420396,0.004872660197671816
-0.028868756833592506,0.001620866216071418,-0.028868756833592506,0.001620866216071418
-0.030503012811857813,-0.002183455513384912,-0.030503012811857813,-0.002183455513384912
-0.032122088262646294,-0.006387014252713817,-0.032122088262646294,-0.006387014252713817
-0.03356424808673647,-0.011119282674155075,-0.03356424808673647,-0.011119282674155075
-0.03484010649453191,-0.016839230330847377,-0.03484010649453191,-0.016839230330847377
-0.03602993996548462,-0.02313268184727693,-0.03602993996548462,-0.02313268184727693
-0.036711087580413096,-0.029614727578204308,-0.036711087580413096,-0.029614727578204308
-0.03701724759542757,-0.03582917051973219,-0.03701724759542757,-0.03582917051973219
-0.03686439344121623,-0.04184742039658084,-0.03686439344121623,-0.04184742039658084
-0.03651317211785947,-0.04711879000852784,-0.03651317211785947,-0.04711879000852784
-0.035732855906134994,-0.05182251608979148,-0.035732855906134994,-0.05182251608979148
-0.0346167324409651,-0.055594993645507025,-0.0346167324409651,-0.055594993645507025
-0.03334822919187434,-0.05844474085881066,-0.03334822919187434,-0.05844474085881066
-0.03207683602079727,-0.060359008135716985,-0.03207683602079727,-0.060359008135716985
-0.030717168880859583,-0.06169325660506623,-0.030717168880859583,-0.06169325660506623
-0.02920799467756317,-0.06261867293035935,-0.02920799467756317,-0.06261867293035935
-0.025160597529102886,0.013188243207289752,-0.025160597529102886,0.013188243207289752
-0.026199108768710816,0.011863792229675112,-0.026199108768710816,0.011863792229675112
-0.027466542513615532,0.00983375207502356,-0.027466542513615532,0.00983375207502356
-0.028900722106522808,0.0071891683411938944,-0.028900722106522808,0.0071891683411938944
-0.030422809069617245,0.004079500310503953,-0.030422809069617245,0.004079500310503953
-0.03219490487099792,0.0002149439310717732,-0.03219490487099792,0.0002149439310717732
-0.03346663496068214,-0.0032759283378140307,-0.03346663496068214,-0.0032759283378140307
-0.0347256572035247,-0.007686115229542547,-0.0347256572035247,-0.007686115229542547
-0.03586736203526207,-0.013024331285317601,-0.03586736203526207,-0.013024331285317601
-0.037001726933611825,-0.01870788871143254,-0.037001726933611825,-0.01870788871143254
-0.03771434683176515,-0.024794433623675137,-0.03771434683176515,-0.024794433623675137
-0.03815666372925318,-0.031202818631484587,-0.03815666372925318,-0.031202818631484587
-0.03831229607089406,-0.03727917809019747,-0.03831229607089406,-0.03727917809019747
-0.03791625607687594,-0.04307665270641077,-0.03791625607687594,-0.04307665270641077
-0.03735798963393679,-0.04809778389202357,-0.03735798963393679,-0.04809778389202357
-0.03637082987217905,-0.05211886864089717,-0.03637082987217905,-0.05211886864089717
-0.035206865598368345,-0.05557735731677431,-0.035206865598368345,-0.05557735731677431
-0.03389734506750449,-0.057944907540590736,-0.03389734506750449,-0.057944907540590736
-0.03245285972651691,-0.05980194862373458,-0.03245285972651691,-0.05980194862373458
-0.031084858746669344,-0.06112201809808997,-0.031084858746669344,-0.06112201809808997
-0.029787496320903842,-0.062307225725425436,-0.029787496320903842,-0.062307225725425436
-0.026549181927231748,0.01578787066171282,-0.026549181927231748,0.01578787066171282
-0.027764074972406797,0.013903993351857902,-0.027764074972406797,0.013903993351857902
-0.02890762723944203,0.011906458580678764,-0.02890762723944203,0.011906458580678764
-0.030445109308244022,0.009148008151474159,-0.030445109308244022,0.009148008151474159
-0.03184422132644207,0.006589915883875669,-0.03184422132644207,0.006589915883875669
-0.03312721535645789,0.0035474032471327632,-0.03312721535645789,0.0035474032471327632
-0.034449519170001455,-8.983826778076993e-05,-0.034449519170001455,-8.983826778076993e-05
-0.035489249247803,-0.004334846718963233,-0.035489249247803,-0.004334846718963233
-0.03682062005401244,-0.009127463655915399,-0.03682062005401244,-0.009127463655915399
-0.03783099427477761,-0.014402589308800673,-0.03783099427477761,-0.014402589308800673
-0.038560518549855136,-0.02005825197790276,-0.038560518549855136,-0.02005825197790276
-0.03918262576253185,-0.026126461948291727,-0.03918262576253185,-0.026126461948291727
-0.03922199028923485,-0.03218547602444294,-0.03922199028923485,-0.03218547602444294
-0.039142914718049426,-0.03805991353958752,-0.039142914718049426,-0.03805991353958752
-0.0386496721821613,-0.04341823961579769,-0.0386496721821613,-0.04341823961579769
-0.03795093423922541,-0.04786998727160867,-0.03795093423922541,-0.04786998727160867
-0.036960831674885786,-0.051863381820296796,-0.036960831674885786,-0.051863381820296796
-0.03570625819633408,-0.05501000801715007,-0.03570625819633408,-0.05501000801715007
-0.034335584712021326,-0.057406458195744005,-0.034335584712021326,-0.057406458195744005
-0.032935388835663514,-0.05930577103387999,-0.032935388835663514,-0.05930577103387999
-0.03166174307388322,-0.060693742240680804,-0.03166174307388322,-0.060693742240680804
-0.030362760068402946,-0.06188204767784017,-0.030362760068402946,-0.06188204767784017
-0.026773646478725766,0.020065533107881697,-0.026773646478725766,0.020065533107881697
-0.02808094318418721,0.01839924216617695,-0.02808094318418721,0.01839924216617695
-0.029056040783570148,0.01675098597585705,-0.029056040783570148,0.01675098597585705
-0.03039628372091591,0.014877839902538804,-0.03039628372091591,0.014877839902538804
-0.03147317953589078,0.012426268071784206,-0.03147317953589078,0.012426268071784206
-0.03291330326289763,0.009731468322698816,-0.03291330326289763,0.009731468322698816
-0.03395267788278618,0.006311536813962183,-0.03395267788278618,0.006311536813962183
-0.03514210221761282,0.003176854884751147,-0.03514210221761282,0.003176854884751147
-0.03637267247293828,-0.0007803562795226731,-0.03637267247293828,-0.0007803562795226731
-0.03740208233648387,-0.00530731125758655,-0.03740208233648387,-0.00530731125758655
-0.03846745322530739,-0.010044423129004608,-0.03846745322530739,-0.010044423129004608
-0.039104193060137016,-0.01500275538650469,-0.039104193060137016,-0.01500275538650469
-0.03981963440606514,-0.02062758279328384,-0.03981963440606514,-0.02062758279328384
-0.040143509881983175,-0.026316492346625885,-0.040143509881983175,-0.026316492346625885
-0.040167125052590395,-0.03229271848862421,-0.040167125052590395,-0.03229271848862421
-0.03995224051070603,-0.037982918357042865,-0.03995224051070603,-0.037982918357042865
-0.039368120352362104,-0.042963892553470225,-0.039368120352362104,-0.042963892553470225
-0.038608742010565134,-0.047389647847160314,-0.038608742010565134,-0.047389647847160314
-0.037533415716594735,-0.05106407805011881,-0.037533415716594735,-0.05106407805011881
-0.03627445960075155,-0.05418735737362944,-0.03627445960075155,-0.05418735737362944
-0.03494938305534501,-0.05666601955489235,-0.03494938305534501,-0.05666601955489235
-0.0335794417575733,-0.05855616306478034,-0.0335794417575733,-0.05855616306478034
-0.03228068621344021,-0.06008732687677926,-0.03228068621344021,-0.06008732687677926
-0.031080945018129632,-0.061452302361010694,-0.031080945018129632,-0.061452302361010694
-0.02774973199789258,0.023583170255772466,-0.02774973199789258,0.023583170255772466
-0.028895202611431893,0.021808710548167437,-0.028895202611431893,0.021808710548167437
-0.030199891296457036,0.020145913066334224,-0.030199891296457036,0.020145913066334224
-0.031163600703769972,0.018042610284982552,-0.031163600703769972,0.018042610284982552
-0.03256340039788446,0.01616233331972311,-0.03256340039788446,0.01616233331972311
-0.03361688067541621,0.013424112517224427,-0.03361688067541621,0.013424112517224427
-0.03491840858717519,0.010400097855193599,-0.03491840858717519,0.010400097855193599
-0.03595582798317228,0.006987385980209202,-0.03595582798317228,0.006987385980209202
-0.036844524195507385,0.002922957225784386,-0.036844524195507385,0.002922957225784386
-0.038077069528011445,-0.0010886383800554273,-0.038077069528011445,-0.0010886383800554273
-0.03881999934080384,-0.005611173682736423,-0.03881999934080384,-0.005611173682736423
-0.039585500392584426,-0.010302467218866629,-0.039585500392584426,-0.010302467218866629
-0.04024714002203215,-0.015264026085650185,-0.04024714002203215,-0.015264026085650185
-0.04069541651220654,-0.020562312100875783,-0.04069541651220654,-0.020562312100875783
-0.04101858597057836,-0.026239538919304858,-0.04101858597057836,-0.026239538919304858
-0.04093425549125402,-0.03174788563321004,-0.04093425549125402,-0.03174788563321004
-0.04069644123170803,-0.03727819120546708,-0.04069644123170803,-0.03727819120546708
-0.04006150893163012,-0.04207504333765508,-0.04006150893163012,-0.04207504333765508
-0.03918217111301622,-0.04632849856192119,-0.03918217111301622,-0.04632849856192119
-0.038063666729221776,-0.04999736608699719,-0.038063666729221776,-0.04999736608699719
-0.03689090015966252,-0.053106633907492824,-0.03689090015966252,-0.053106633907492824
-0.03558330678630975,-0.05562505399493946,-0.03558330678630975,-0.05562505399493946
-0.03423687737380136,-0.05762065988762892,-0.03423687737380136,-0.05762065988762892
-0.03296273442473217,-0.05948347227945141,-0.03296273442473217,-0.05948347227945141
-0.03178335265476501,-0.06088918260920234,-0.03178335265476501,-0.06088918260920234
-0.02915007914193642,0.027540602055764925,-0.02915007914193642,0.027540602055764925
-0.029973012549518705,0.025875834234642292,-0.029973012549518705,0.025875834234642292
-0.03111698162000138,0.024090636951143857,-0.03111698162000138,0.024090636951143857
-0.03210696230856723,0.021950180695914652,-0.03210696230856723,0.021950180695914652
-0.03290803703473033,0.019814843853174488,-0.03290803703473033,0.019814843853174488
-0.03424558138409472,0.017792448604879944,-0.03424558138409472,0.017792448604879944
-0.03532033788801797,0.014492695627002242,-0.03532033788801797,0.014492695627002242
-0.03663905553837849,0.01134509632072768,-0.03663905553837849,0.01134509632072768
-0.037556398175174095,0.007594872937542127,-0.037556398175174095,0.007594872937542127
-0.03844046896799548,0.0035278992300754506,-0.03844046896799548,0.0035278992300754506
-0.039299716584785524,-0.0007411050283385196,-0.039299716584785524,-0.0007411050283385196
-0.039854612176564046,-0.005291590573419281,-0.039854612176564046,-0.005291590573419281
-0.04062152833834725,-0.010039462328723056,-0.04062152833834725,-0.010039462328723056
-0.04104197763924198,-0.01523857483094832,-0.04104197763924198,-0.01523857483094832
-0.041478274395179274,-0.02050761396564427,-0.041478274395179274,-0.02050761396564427
-0.041630693906861874,-0.025626552307517456,-0.041630693906861874,-0.025626552307517456
-0.041517779229851254,-0.031010398160276238,-0.041517779229851254,-0.031010398160276238
-0.04123779497062473,-0.0362028417393707,-0.04123779497062473,-0.0362028417393707
-0.04057170995500411,-0.040717443372537125,-0.04057170995500411,-0.040717443372537125
-0.039704700405902044,-0.044947614687902135,-0.039704700405902044,-0.044947614687902135
-0.03867235617213511,-0.048557443005553154,-0.03867235617213511,-0.048557443005553154
-0.03750923078705138,-0.05165782072628793,-0.03750923078705138,-0.05165782072628793
-0.03628560638081351,-0.05442752145628411,-0.03628560638081351,-0.05442752145628411
-0.03497017318758693,-0.05658170933273844,-0.03497017318758693,-0.05658170933273844
-0.033733437692037446,-0.05864586046126988,-0.033733437692037446,-0.05864586046126988
-0.032532300818308636,-0.060310305525815615,-0.032532300818308636,-0.060310305525815615
-0.02939117208929777,0.032467866180916564,-0.02939117208929777,0.032467866180916564
-0.030163589370239417,0.03114597184979694,-0.030163589370239417,0.03114597184979694
-0.031236459374135057,0.030172536820018313,-0.031236459374135057,0.030172536820018313
-0.03195739787816838,0.028625807085853466,-0.03195739787816838,0.028625807085853466
-0.03283230435767113,0.026689685595214747,-0.03283230435767113,0.026689685595214747
-0.03376653684678638,0.02455368759211129,-0.03376653684678638,0.02455368759211129
-0.034623456293470155,0.021729222367867417,-0.034623456293470155,0.021729222367867417
-0.035914967175680136,0.019291369070871173,-0.035914967175680136,0.019291369070871173
-0.036794490220538524,0.015965873206846597,-0.036794490220538524,0.015965873206846597
-0.037800122168997766,0.012481135082779628,-0.037800122168997766,0.012481135082779628
-0.03870851806351996,0.008780887876320819,-0.03870851806351996,0.008780887876320819
-0.03952265067374174,0.00464556998596654,-0.03952265067374174,0.00464556998596654
-0.04031331933530708,0.00026351921678402165,-0.04031331933530708,0.00026351921678402165
-0.040983707907049964,-0.004657154083598897,-0.040983707907049964,-0.004657154083598897
-0.04161150861918775,-0.009454647779071538,-0.04161150861918775,-0.009454647779071538
-0.04180083593680911,-0.014586569858343763,-0.04180083593680911,-0.014586569858343763
-0.04201041793288846,-0.01975330699295042,-0.04201041793288846,-0.01975330699295042
-0.04215277820823103,-0.024830706457581654,-0.04215277820823103,-0.024830706457581654
-0.0420074233938603,-0.029814299243078872,-0.0420074233938603,-0.029814299243078872
-0.041734410091658874,-0.034825328585508554,-0.041734410091658874,-0.034825328585508554
-0.041116875822106054,-0.03927818572361925,-0.041116875822106054,-0.03927818572361925
-0.04037062559566773,-0.043358387387934336,-0.04037062559566773,-0.043358387387934336
-0.039333585245796866,-0.0469730010349322,-0.039333585245796866,-0.0469730010349322
-0.03829051519145069,-0.05021779077265476,-0.03829051519145069,-0.05021779077265476
-0.03711877509841207,-0.052978913480877236,-0.03711877509841207,-0.052978913480877236
-0.03584607451313875,-0.05541790279955511,-0.03584607451313875,-0.05541790279955511
-0.03452236814634326,-0.05767867008107762,-0.03452236814634326,-0.05767867008107762
-0.03329464732423507,-0.05937549396917018,-0.03329464732423507,-0.05937549396917018
-0.029974694222050503,0.03652019441987348,-0.029974694222050503,0.03652019441987348
-0.030872365737008287,0.03585234635448278,-0.030872365737008287,0.03585234635448278
-0.03173713962350556,0.0347128872390925,-0.03173713962350556,0.0347128872390925
-0.03283900232127002,0.03365311626791324,-0.03283900232127002,0.03365311626791324
-0.03360951236349759,0.031489451624502965,-0.03360951236349759,0.031489451624502965
-0.0344944144372192,0.02940165401740523,-0.0344944144372192,0.02940165401740523
-0.03547779621868637,0.02721677574645963,-0.03547779621868637,0.02721677574645963
-0.036415583863458195,0.024617742019356743,-0.036415583863458195,0.024617742019356743
-0.03719304971991703,0.02143515148856519,-0.03719304971991703,0.02143515148856519
-0.038014436813565006,0.017862701796159616,-0.038014436813565006,0.017862701796159616
-0.038954124612625686,0.014218959814019012,-0.038954124612625686,0.014218959814019012
-0.03976261761791147,0.010138802483800008,-0.03976261761791147,0.010138802483800008
-0.0405871243559856,0.005901892755696531,-0.0405871243559856,0.005901892755696531
-0.04135178680138445,0.0015151452702356863,-0.04135178680138445,0.0015151452702356863
-0.041864328358175114,-0.003295958127203815,-0.041864328358175114,-0.003295958127203815
-0.042267349963320856,-0.008310513978413259,-0.042267349963320856,-0.008310513978413259
-0.04254610424837289,-0.013554586979161901,-0.04254610424837289,-0.013554586979161901
-0.04276680571515918,-0.018757059142653944,-0.04276680571515918,-0.018757059142653944
-0.042731196865170344,-0.023729558786099305,-0.042731196865170344,-0.023729558786099305
-0.04242567247092321,-0.028532928891083865,-0.04242567247092321,-0.028532928891083865
-0.042137630702228514,-0.0331636243012188,-0.042137630702228514,-0.0331636243012188
-0.041556731930425986,-0.03764901237035891,-0.041556731930425986,-0.03764901237035891
-0.04084260327523143,-0.041594902675066256,-0.04084260327523143,-0.041594902675066256
-0.04001387946203772,-0.04523406564350502,-0.04001387946203772,-0.04523406564350502
-0.03904459814185913,-0.048554990403852624,-0.03904459814185913,-0.048554990403852624
-0.03798536793203554,-0.05156019075610473,-0.03798536793203554,-0.05156019075610473
-0.03667849905417552,-0.05421253796389903,-0.03667849905417552,-0.05421253796389903
-0.03537280389634129,-0.05657224920629665,-0.03537280389634129,-0.05657224920629665
-0.034151195665927135,-0.05836871702614394,-0.034151195665927135,-0.05836871702614394
-0.03034593398785944,0.04165458807743961,-0.03034593398785944,0.04165458807743961
-0.031107859774669098,0.04037974219981169,-0.031107859774669098,0.04037974219981169
-0.032342958626170246,0.03962954806175455,-0.032342958626170246,0.03962954806175455
-0.033062607312980975,0.03790808865936062,-0.033062607312980975,0.03790808865936062
-0.033970405573469,0.03634957419367808,-0.033970405573469,0.03634957419367808
-0.034979507048607486,0.03448457618402934,-0.034979507048607486,0.03448457618402934
-0.03600365801214864,0.03232708066916957,-0.03600365801214864,0.03232708066916957
-0.03691294914082902,0.029909121127196295,-0.03691294914082902,0.029909121127196295
-0.037766015939252676,0.027179344458214277,-0.037766015939252676,0.027179344458214277
-0.03853071208270257,0.024005420387703078,-0.03853071208270257,0.024005420387703078
-0.039374471042223136,0.020023373679584375,-0.039374471042223136,0.020023373679584375
-0.040165200457498815,0.016101940415548712,-0.040165200457498815,0.016101940415548712
-0.04084683073465686,0.011978405575627802,-0.04084683073465686,0.011978405575627802
-0.041487808418725874,0.007565178107584664,-0.041487808418725874,0.007565178107584664
-0.04213508462398708,0.002880088405721704,-0.04213508462398708,0.002880088405721704
-0.042602658352257725,-0.0021212682797464117,-0.042602658352257725,-0.0021212682797464117
-0.04309187644208298,-0.007146891349623916,-0.04309187644208298,-0.007146891349623916
-0.04328637119722682,-0.012102274573779952,-0.04328637119722682,-0.012102274573779952
-0.04325761836452801,-0.016979788722024925,-0.04325761836452801,-0.016979788722024925
-0.04310537654236543,-0.021866486162624474,-0.04310537654236543,-0.021866486162624474
-0.04291442101379535,-0.02676655921789176,-0.04291442101379535,-0.02676655921789176
-0.04271005648694068,-0.03139602766227232,-0.04271005648694068,-0.03139602766227232
-0.04208614198241275,-0.035952261418169505,-0.04208614198241275,-0.035952261418169505
-0.04150111861420453,-0.039963093293316404,-0.04150111861420453,-0.039963093293316404
-0.04073596585552758,-0.043640629137532416,-0.04073596585552758,-0.043640629137532416
-0.03979721684995032,-0.04701915291825032,-0.03979721684995032,-0.04701915291825032
-0.03874276212476602,-0.05005257355440849,-0.03874276212476602,-0.05005257355440849
-0.03755827976574535,-0.05278443661650445,-0.03755827976574535,-0.05278443661650445
-0.03636892825246024,-0.05514417994716575,-0.03636892825246024,-0.05514417994716575
-0.03504189778049895,-0.05709354231528534,-0.03504189778049895,-0.05709354231528534
-0.03153612989292913,0.045268907405315875,-0.03153612989292913,0.045268907405315875
-0.032217793324771746,0.04408734571418586,-0.032217793324771746,0.04408734571418586
-0.03307921295025825,0.042855157024626604,-0.03307921295025825,0.042855157024626604
-0.03411063109977275,0.041369013471880656,-0.03411063109977275,0.041369013471880656
-0.03525650634774047,0.039503769948021746,-0.03525650634774047,0.039503769948021746
-0.03607598550663409,0.03722174492550366,-0.03607598550663409,0.03722174492550366
-0.036916846976541656,0.034855597642536214,-0.036916846976541656,0.034855597642536214
-0.03784852027027935,0.032371282083815144,-0.03784852027027935,0.032371282083815144
-0.03882568218124713,0.02946307376980166,-0.03882568218124713,0.02946307376980166
-0.03975066742968664,0.02642249312970877,-0.03975066742968664,0.02642249312970877
-0.04036292920881512,0.022482650856724656,-0.04036292920881512,0.022482650856724656
-0.04101627559871679,0.01832794943212084,-0.04101627559871679,0.01832794943212084
-0.04167279837866886,0.013997927097356444,-0.04167279837866886,0.013997927097356444
-0.042265240254136374,0.009397321130050209,-0.042265240254136374,0.009397321130050209
-0.04280293063089131,0.004644911031345028,-0.04280293063089131,0.004644911031345028
-0.0432350037473818,-0.0002148636760003736,-0.0432350037473818,-0.0002148636760003736
-0.04349937424462012,-0.005176964804558909,-0.04349937424462012,-0.005176964804558909
-0.04360920736305325,-0.010253234607155546,-0.04360920736305325,-0.010253234607155546
-0.04365859339465305,-0.015205850465465574,-0.04365859339465305,-0.015205850465465574
-0.04359977805937532,-0.020067516457072585,-0.04359977805937532,-0.020067516457072585
-0.04343791917271854,-0.024878533356261074,-0.04343791917271854,-0.024878533356261074
-0.043122299604786425,-0.029435370560748065,-0.043122299604786425,-0.029435370560748065
-0.04263848551540189,-0.03387196546510906,-0.04263848551540189,-0.03387196546510906
-0.042107795025407346,-0.03808324993115663,-0.042107795025407346,-0.03808324993115663
-0.04138063982155897,-0.041908090822909194,-0.04138063982155897,-0.041908090822909194
-0.04050993361724608,-0.0454053435452586,-0.04050993361724608,-0.0454053435452586
-0.03952415884481076,-0.048523261180419906,-0.03952415884481076,-0.048523261180419906
-0.03839972029578404,-0.05141656383577766,-0.03839972029578404,-0.05141656383577766
-0.037193487125523776,-0.053762400158608725,-0.037193487125523776,-0.053762400158608725
-0.03594496981815328,-0.055850782147249825,-0.03594496981815328,-0.055850782147249825
-0.031128138028020922,0.04955401513551202,-0.031128138028020922,0.04955401513551202
-0.03225148856436988,0.048988617238858397,-0.03225148856436988,0.048988617238858397
-0.033139706085052074,0.0479289588095373,-0.033139706085052074,0.0479289588095373
-0.03412876322673712,0.0461017668858077,-0.03412876322673712,0.0461017668858077
-0.03518091410036418,0.04448735779148775,-0.03518091410036418,0.04448735779148775
-0.03623085985080153,0.042584645681666485,-0.03623085985080153,0.042584645681666485
-0.036943634947858364,0.039706132276111625,-0.036943634947858364,0.039706132276111625
-0.037823865341040756,0.037214465457543866,-0.037823865341040756,0.037214465457543866
-0.038736536249780344,0.03469241422238429,-0.038736536249780344,0.03469241422238429
-0.039542523786906134,0.03185425295714691,-0.039542523786906134,0.03185425295714691
-0.04037952105880699,0.02866288956495313,-0.04037952105880699,0.02866288956495313
-0.04105335627637907,0.02469655349372526,-0.04105335627637907,0.02469655349372526
-0.04173838336251218,0.020616552893508822,-0.04173838336251218,0.020616552893508822
-0.04238490213533899,0.016162775503647923,-0.04238490213533899,0.016162775503647923
-0.042919204855126014,0.011498346643123752,-0.042919204855126014,0.011498346643123752
-0.043373536074754894,0.006710384742114976,-0.043373536074754894,0.006710384742114976
-0.043742427327177764,0.0017550293893190741,-0.043742427327177764,0.0017550293893190741
-0.04399350518988171,-0.003133677918692056,-0.04399350518988171,-0.003133677918692056
-0.04412225541812737,-0.008105963342729991,-0.04412225541812737,-0.008105963342729991
-0.04413948514451368,-0.013022472121679089,-0.04413948514451368,-0.013022472121679089
-0.044009931465997576,-0.017849181098467292,-0.044009931465997576,-0.017849181098467292
-0.04376559321859819,-0.022646432485161353,-0.04376559321859819,-0.022646432485161353
-0.04361560631788693,-0.02742225046523617,-0.04361560631788693,-0.02742225046523617
-0.043320529944467584,-0.031762897854662304,-0.043320529944467584,-0.031762897854662304
-0.042739407989752974,-0.035978525202197784,-0.042739407989752974,-0.035978525202197784
-0.0420186568988986,-0.04003348193065198,-0.0420186568988986,-0.04003348193065198
-0.04115914558335252,-0.04366988301900267,-0.04115914558335252,-0.04366988301900267
-0.04014262176676607,-0.04702329368984848,-0.04014262176676607,-0.04702329368984848
-0.03902809012001617,-0.04989685904870415,-0.03902809012001617,-0.04989685904870415
-0.03788434706668021,-0.05221405736306531,-0.03788434706668021,-0.05221405736306531
-0.036710357891640864,-0.05437418509481647,-0.036710357891640864,-0.05437418509481647
-0.03077349530923961,0.05321191067913184,-0.03077349530923961,0.05321191067913184
-0.03193521583278541,0.052573314991157104,-0.03193521583278541,0.052573314991157104
-0.03300503041835047,0.05189989910171838,-0.03300503041835047,0.05189989910171838
-0.033972470337208335,0.05083424625323452,-0.033972470337208335,0.05083424625323452
-0.03500316921263464,0.04929959488916773,-0.03500316921263464,0.04929959488916773
-0.0359705211609177,0.04726272360156705,-0.0359705211609177,0.04726272360156705
-0.03711879518388916,0.04511391417139462,-0.03711879518388916,0.04511391417139462
-0.037831245228317975,0.042444595143148356,-0.037831245228317975,0.042444595143148356
-0.03847913619327043,0.03953772561941742,-0.03847913619327043,0.03953772561941742
-0.03929988823287808,0.036854490103171836,-0.03929988823287808,0.036854490103171836
-0.040096158505785386,0.03390673510577696,-0.040096158505785386,0.03390673510577696
-0.041037511338644785,0.030926909589078014,-0.041037511338644785,0.030926909589078014
-0.041622927027029376,0.026922279722799317,-0.041622927027029376,0.026922279722799317
-0.04220383399092765,0.02292945910984438,-0.04220383399092765,0.02292945910984438
-0.04277654327514603,0.018487072687858087,-0.04277654327514603,0.018487072687858087
-0.04327275896231639,0.013748510256789089,-0.04327275896231639,0.013748510256789089
-0.04376451145287638,0.008932500152652912,-0.04376451145287638,0.008932500152652912
-0.04404765220032932,0.0038994129785172816,-0.04404765220032932,0.0038994129785172816
-0.04428736005809373,-0.0009363409257041231,-0.04428736005809373,-0.0009363409257041231
-0.04438844484506405,-0.0059575470728871725,-0.04438844484506405,-0.0059575470728871725
-0.04435776771742279,-0.010992117779050835,-0.04435776771742279,-0.010992117779050835
-0.044229302096826566,-0.015844021327322294,-0.044229302096826566,-0.015844021327322294
-0.04415198906381281,-0.02052235723618619,-0.04415198906381281,-0.02052235723618619
-0.043943937790763096,-0.025199173713692843,-0.043943937790763096,-0.025199173713692843
-0.04364827360053581,-0.029544904747596232,-0.04364827360053581,-0.029544904747596232
-0.0432569282390378,-0.03372947446561252,-0.0432569282390378,-0.03372947446561252
-0.04257056631088833,-0.0377830296074107,-0.04257056631088833,-0.0377830296074107
-0.04177387313321566,-0.04166566582026683,-0.04177387313321566,-0.04166566582026683
-0.04080653952944136,-0.04510866015349627,-0.04080653952944136,-0.04510866015349627
-0.03974645128469695,-0.048129969393805226,-0.03974645128469695,-0.048129969393805226
-0.038571442454163093,-0.05061912532750937,-0.038571442454163093,-0.05061912532750937
-0.03740677947938259,-0.052732190542933245,-0.03740677947938259,-0.052732190542933245
-0.03068815640143889,0.0567806887138221,-0.03068815640143889,0.0567806887138221
-0.03129295637227197,0.055277623989115635,-0.03129295637227197,0.055277623989115635
-0.03254253009836786,0.05510761435781281,-0.03254253009836786,0.05510761435781281
-0.03362422556351655,0.05450683623608516,-0.03362422556351655,0.05450683623608516
-0.03459290255220336,0.053401405118279864,-0.03459290255220336,0.053401405118279864
-0.035740032560092096,0.05185148287364044,-0.035740032560092096,0.05185148287364044
-0.03665261472292341,0.049822739831951415,-0.03665261472292341,0.049822739831951415
-0.03776713642794691,0.047479853838178154,-0.03776713642794691,0.047479853838178154
-0.03839316101464549,0.044660318366130006,-0.03839316101464549,0.044660318366130006
-0.03903582023068316,0.04178185509306374,-0.03903582023068316,0.04178185509306374
-0.039676644867189095,0.03888341449282711,-0.039676644867189095,0.03888341449282711
-0.04045516911195503,0.035935522694996,-0.04045516911195503,0.035935522694996
-0.04133787711527752,0.03300957472982062,-0.04133787711527752,0.03300957472982062
-0.04190023131876793,0.029099752781646507,-0.04190023131876793,0.029099752781646507
-0.04251500672736732,0.025102879735258984,-0.04251500672736732,0.025102879735258984
-0.04303661687244959,0.0207950150537905,-0.04303661687244959,0.0207950150537905
-0.04352712678947356,0.01608248592116171,-0.04352712678947356,0.01608248592116171
-0.04395526164784658,0.011305378833485223,-0.04395526164784658,0.011305378833485223
-0.04421679509143929,0.006280861939168176,-0.04421679509143929,0.006280861939168176
-0.044541257245661575,0.0014720777660674146,-0.044541257245661575,0.0014720777660674146
-0.044706743007103956,-0.0036313255740530537,-0.044706743007103956,-0.0036313255740530537
-0.0446816631731256,-0.008672626872376712,-0.0446816631731256,-0.008672626872376712
-0.04461486866128548,-0.01370628887472955,-0.04461486866128548,-0.01370628887472955
-0.044505039887921094,-0.018419761128837364,-0.044505039887921094,-0.018419761128837364
-0.04425465870319406,-0.022925988988191294,-0.04425465870319406,-0.022925988988191294
-0.04407045034264867,-0.02731401093575504,-0.04407045034264867,-0.02731401093575504
-0.043682568637395336,-0.03149526451402547,-0.043682568637395336,-0.03149526451402547
-0.04316490488112645,-0.03538295478508255,-0.04316490488112645,-0.03538295478508255
-0.04237452937937996,-0.039231562410365725,-0.04237452937937996,-0.039231562410365725
-0.041447338885697696,-0.04279518181159906,-0.041447338885697696,-0.04279518181159906
-0.04038997184709331,-0.045944324111253376,-0.04038997184709331,-0.045944324111253376
-0.0391668222347273,-0.048631462802303564,-0.0391668222347273,-0.048631462802303564
-0.03801313577427476,-0.05080963892668086,-0.03801313577427476,-0.05080963892668086
-0.03248045760367225,0.06110326961725397,-0.03248045760367225,0.06110326961725397
-0.032165335331635715,0.05816802724839139,-0.032165335331635715,0.05816802724839139
-0.033150515046279166,0.05787221201031516,-0.033150515046279166,0.05787221201031516
-0.03422979136177633,0.057272594699178156,-0.03422979136177633,0.057272594699178156
-0.03516462902126122,0.05570932636100246,-0.03516462902126122,0.05570932636100246
-0.03632432387626118,0.05411914308803619,-0.03632432387626118,0.05411914308803619
-0.03719155427912929,0.05187403833700453,-0.03719155427912929,0.05187403833700453
-0.038169536520035734,0.049636876499511734,-0.038169536520035734,0.049636876499511734
-0.03876947273162913,0.046748608849144335,-0.03876947273162913,0.046748608849144335
-0.03940261107894537,0.043873692593840566,-0.03940261107894537,0.043873692593840566
-0.04004189539338513,0.04098165933626522,-0.04004189539338513,0.04098165933626522
-0.040665308493145966,0.03787958814467801,-0.040665308493145966,0.03787958814467801
-0.04150976722053545,0.03488661255300295,-0.04150976722053545,0.03488661255300295
-0.04212348434460563,0.031205817965702907,-0.04212348434460563,0.031205817965702907
-0.042713294545009765,0.027297294953489273,-0.042713294545009765,0.027297294953489273
-0.04323364914546164,0.022999037977487178,-0.04323364914546164,0.022999037977487178
-0.04364426657403369,0.018565746195672302,-0.04364426657403369,0.018565746195672302
-0.04406349878416594,0.013851207924533282,-0.04406349878416594,0.013851207924533282
-0.044384216817195066,0.008868405494117753,-0.044384216817195066,0.008868405494117753
-0.04467914600276311,0.004102764432924466,-0.04467914600276311,0.004102764432924466
-0.04486265795729195,-0.0009672903763105731,-0.04486265795729195,-0.0009672903763105731
-0.04495914074648437,-0.0061674087560277075,-0.04495914074648437,-0.0061674087560277075
-0.04489270325582388,-0.011189804237446222,-0.04489270325582388,-0.011189804237446222
-0.04475511368918632,-0.016056563387809197,-0.04475511368918632,-0.016056563387809197
-0.04453197268533908,-0.020471973496124642,-0.04453197268533908,-0.020471973496124642
-0.04435580621211841,-0.02484390637867207,-0.04435580621211841,-0.02484390637867207
-0.0439426169157916,-0.029122470428512723,-0.0439426169157916,-0.029122470428512723
-0.04342601389902807,-0.0330015302357143,-0.04342601389902807,-0.0330015302357143
-0.04286290004629986,-0.03668238477137703,-0.04286290004629986,-0.03668238477137703
-0.041977613165827175,-0.040211195466602255,-0.041977613165827175,-0.040211195466602255
-0.04097042580280725,-0.04338961217319673,-0.04097042580280725,-0.04338961217319673
-0.03972656099632088,-0.04641507090192601,-0.03972656099632088,-0.04641507090192601
-0.03862777127707102,-0.04864277461029919,-0.03862777127707102,-0.04864277461029919
-0.03352758599575413,0.06428675896125523,-0.03352758599575413,0.06428675896125523
-0.03284294571755894,0.06114068771449688,-0.03284294571755894,0.06114068771449688
-0.03387665305613315,0.060788158039237955,-0.03387665305613315,0.060788158039237955
-0.034748574700985385,0.059454722981335716,-0.034748574700985385,0.059454722981335716
-0.03567309922489192,0.057889733073457426,-0.03567309922489192,0.057889733073457426
-0.03681107120334402,0.05619111558808494,-0.03681107120334402,0.05619111558808494
-0.03754614167522993,0.05351997481803433,-0.03754614167522993,0.05351997481803433
-0.03849910765415078,0.05150586349877811,-0.03849910765415078,0.05150586349877811
-0.03904112367951937,0.04853448983197152,-0.03904112367951937,0.04853448983197152
-0.039615609620661546,0.04567100449312754,-0.039615609620661546,0.04567100449312754
-0.04014961523749714,0.042810754093983244,-0.04014961523749714,0.042810754093983244
-0.040725864794330865,0.03967102602560402,-0.040725864794330865,0.03967102602560402
-0.04154673822114401,0.03670173196466809,-0.04154673822114401,0.03670173196466809
-0.04214880169871051,0.0332897892375072,-0.04214880169871051,0.0332897892375072
-0.042688840093447866,0.029386905695493636,-0.042688840093447866,0.029386905695493636
-0.04323939810474849,0.025272576375311023,-0.04323939810474849,0.025272576375311023
-0.04364766585730433,0.020852346096043244,-0.04364766585730433,0.020852346096043244
-0.044093429876442096,0.01638905920720106,-0.044093429876442096,0.01638905920720106
-0.0444631884186654,0.011489783270988332,-0.0444631884186654,0.011489783270988332
-0.0447655787118568,0.006743165408511825,-0.0447655787118568,0.006743165408511825
-0.04501374727610253,0.0018895403805226545,-0.04501374727610253,0.0018895403805226545
-0.0451122314623296,-0.00330782199871106,-0.0451122314623296,-0.00330782199871106
-0.04516845202967937,-0.008429865736987677,-0.04516845202967937,-0.008429865736987677
-0.04503747686842461,-0.013341501198752928,-0.04503747686842461,-0.013341501198752928
-0.044814057672989,-0.017758623477945684,-0.044814057672989,-0.017758623477945684
-0.044541370948946765,-0.022056213680490277,-0.044541370948946765,-0.022056213680490277
-0.04411410887024955,-0.026368999186510898,-0.04411410887024955,-0.026368999186510898
-0.04363970307361401,-0.03052417921739275,-0.04363970307361401,-0.03052417921739275
-0.04308399307037584,-0.03420153909873355,-0.04308399307037584,-0.03420153909873355
-0.042363214009881064,-0.03765889994452728,-0.042363214009881064,-0.03765889994452728
-0.04145698300860798,-0.040738418693184696,-0.04145698300860798,-0.040738418693184696
-0.04025487268584896,-0.043872831466182274,-0.04025487268584896,-0.043872831466182274
-0.039078614752738425,-0.04646494585735284,-0.039078614752738425,-0.04646494585735284
-0.03356513645087257,0.06630832137516579,-0.03356513645087257,0.06630832137516579
-0.033257385836164687,0.06355968774452717,-0.033257385836164687,0.06355968774452717
-0.03430982138447764,0.06323540884040525,-0.03430982138447764,0.06323540884040525
-0.03506137161620365,0.06159530795669646,-0.03506137161620365,0.06159530795669646
-0.03607464167126869,0.060007777131462846,-0.03607464167126869,0.060007777131462846
-0.0371586298933439,0.05838957648368193,-0.0371586298933439,0.05838957648368193
-0.03769444687975393,0.055192803758529606,-0.03769444687975393,0.055192803758529606
-0.03873799603013219,0.05325865155860681,-0.03873799603013219,0.05325865155860681
-0.03923363531008168,0.05018281791327525,-0.03923363531008168,0.05018281791327525
-0.03980450998488696,0.047323080684188126,-0.03980450998488696,0.047323080684188126
-0.04030804935582933,0.04435366817853448,-0.04030804935582933,0.04435366817853448
-0.0407592305687651,0.04131851877042088,-0.0407592305687651,0.04131851877042088
-0.04154599344116381,0.038483741785871516,-0.04154599344116381,0.038483741785871516
-0.04204027769838147,0.0350083410414903,-0.04204027769838147,0.0350083410414903
-0.04260342682710096,0.031334274410866815,-0.04260342682710096,0.031334274410866815
-0.04319901159152793,0.027414172458132616,-0.04319901159152793,0.027414172458132616
-0.04370289730029963,0.023072300314256933,-0.04370289730029963,0.023072300314256933
-0.04420399308624824,0.018660225047897012,-0.04420399308624824,0.018660225047897012
-0.04459168575920166,0.013934100533891597,-0.04459168575920166,0.013934100533891597
-0.04492345225850611,0.009156608105009493,-0.04492345225850611,0.009156608105009493
-0.04519903441686048,0.0044092993319605886,-0.04519903441686048,0.0044092993319605886
-0.045321129373192576,-0.0005188724826933869,-0.045321129373192576,-0.0005188724826933869
-0.045309108102036866,-0.005507416956699831,-0.045309108102036866,-0.005507416956699831
-0.045146678784165443,-0.01040832493351648,-0.045146678784165443,-0.01040832493351648
-0.0448651464776914,-0.014861306849446771,-0.0448651464776914,-0.014861306849446771
-0.044577881504103405,-0.019113497383694677,-0.044577881504103405,-0.019113497383694677
-0.04419819758658809,-0.02337151606008305,-0.04419819758658809,-0.02337151606008305
-0.043694617313455655,-0.0275860282132721,-0.043694617313455655,-0.0275860282132721
-0.04308131215357122,-0.03163943696864428,-0.04308131215357122,-0.03163943696864428
-0.04238984236597209,-0.03524653357759932,-0.04238984236597209,-0.03524653357759932
-0.04164650210016665,-0.038201049353972845,-0.04164650210016665,-0.038201049353972845
-0.040575092115627445,-0.04124709616035985,-0.040575092115627445,-0.04124709616035985
-0.03945740133788088,-0.04392164520358711,-0.03945740133788088,-0.04392164520358711
-0.03353133193079454,0.06885768764947216,-0.03353133193079454,0.06885768764947216
-0.03353315720231513,0.06504131669708843,-0.03353315720231513,0.06504131669708843
-0.0348266172546429,0.06557694046966613,-0.0348266172546429,0.06557694046966613
-0.035406193697663554,0.06333374424328363,-0.035406193697663554,0.06333374424328363
-0.03654468688598586,0.06181890345235721,-0.03654468688598586,0.06181890345235721
-0.03735029969807869,0.05962681031490835,-0.03735029969807869,0.05962681031490835
-0.03783206097101267,0.05687170254753286,-0.03783206097101267,0.05687170254753286
-0.038779899395140725,0.05499751316862661,-0.038779899395140725,0.05499751316862661
-0.03920397198153825,0.05171540574311376,-0.03920397198153825,0.05171540574311376
-0.0398881689467937,0.04895804839044548,-0.0398881689467937,0.04895804839044548
-0.040457260794707274,0.04595795807518962,-0.040457260794707274,0.04595795807518962
-0.04088525842073531,0.04270745259550663,-0.04088525842073531,0.04270745259550663
-0.04146680646781104,0.04000976932722851,-0.04146680646781104,0.04000976932722851
-0.04192430592905369,0.036431892087295435,-0.04192430592905369,0.036431892087295435
-0.04249448900450369,0.033165686859562955,-0.04249448900450369,0.033165686859562955
-0.0430479333794721,0.0295014529511569,-0.0430479333794721,0.0295014529511569
-0.04355948199972247,0.025212371170380367,-0.04355948199972247,0.025212371170380367
-0.044226188760412795,0.02095140600294789,-0.044226188760412795,0.02095140600294789
-0.04469714857024209,0.016143038338584364,-0.04469714857024209,0.016143038338584364
-0.04503919184413846,0.011424132546774527,-0.04503919184413846,0.011424132546774527
-0.04524094566340347,0.006754498083452185,-0.04524094566340347,0.006754498083452185
-0.04529562757034411,0.0020653155379943694,-0.04529562757034411,0.0020653155379943694
-0.04526756755764098,-0.002676937413998651,-0.04526756755764098,-0.002676937413998651
-0.04505585354166152,-0.007480760088096378,-0.04505585354166152,-0.007480760088096378
-0.04482986068175638,-0.011830326450610119,-0.04482986068175638,-0.011830326450610119
-0.04449440968258043,-0.015943311097591825,-0.04449440968258043,-0.015943311097591825
-0.04407193045156298,-0.02005743540770876,-0.04407193045156298,-0.02005743540770876
-0.04359184265440584,-0.02428979633009616,-0.04359184265440584,-0.02428979633009616
-0.04308251871631559,-0.028540052007735114,-0.04308251871631559,-0.028540052007735114
-0.04246975346211271,-0.03227266013621466,-0.04246975346211271,-0.03227266013621466
-0.04172543840374303,-0.0356574254401429,-0.04172543840374303,-0.0356574254401429
-0.04081988172412476,-0.03861748615640004,-0.04081988172412476,-0.03861748615640004
-0.03986411036334441,-0.041412591645529004,-0.03986411036334441,-0.041412591645529004
-0.03252592632629419,0.06875183097837033,-0.03252592632629419,0.06875183097837033
-0.03346613101398393,0.06682792680084862,-0.03346613101398393,0.06682792680084862
-0.03477042390757589,0.06663890891062148,-0.03477042390757589,0.06663890891062148
-0.03554091807518717,0.06466902003191412,-0.03554091807518717,0.06466902003191412
-0.03645875276686225,0.0629118108604269,-0.03645875276686225,0.0629118108604269
-0.03718828415062715,0.060648151201018644,-0.03718828415062715,0.060648151201018644
-0.03778149364422472,0.058028246170534224,-0.03778149364422472,0.058028246170534224
-0.038673685717482364,0.05606402370377627,-0.038673685717482364,0.05606402370377627
-0.039170242282308185,0.05294692044946517,-0.039170242282308185,0.05294692044946517
-0.03988166272993821,0.05043012108466033,-0.03988166272993821,0.05043012108466033
-0.04043240157311938,0.04743826599745065,-0.04043240157311938,0.04743826599745065
-0.040832340873350796,0.04404849815191865,-0.040832340873350796,0.04404849815191865
-0.041442867755879804,0.04143888029471072,-0.041442867755879804,0.04143888029471072
-0.0417969135149346,0.037833247310547706,-0.0417969135149346,0.037833247310547706
-0.04234134573977048,0.03453383791402211,-0.04234134573977048,0.03453383791402211
-0.04293630973000812,0.030989933305022796,-0.04293630973000812,0.030989933305022796
-0.043548147644076114,0.027118545687584594,-0.043548147644076114,0.027118545687584594
-0.044267860311192016,0.02322238547605535,-0.044267860311192016,0.02322238547605535
-0.044675677332253215,0.01842658871693794,-0.044675677332253215,0.01842658871693794
-0.045057883264506195,0.01382423208191512,-0.045057883264506195,0.01382423208191512
-0.04528386038737889,0.009174347390746136,-0.04528386038737889,0.009174347390746136
-0.045413935520048285,0.004492212086582533,-0.045413935520048285,0.004492212086582533
-0.04541763752109436,-3.461894812944199e-05,-0.04541763752109436,-3.461894812944199e-05
-0.045140050771463124,-0.0046793762623819155,-0.045140050771463124,-0.0046793762623819155
-0.04484152225835008,-0.008943990311424177,-0.04484152225835008,-0.008943990311424177
-0.04446910054607446,-0.013020133616923031,-0.04446910054607446,-0.013020133616923031
-0.04404016555042379,-0.017040748659291487,-0.04404016555042379,-0.017040748659291487
-0.043637579838280344,-0.021110381754405907,-0.043637579838280344,-0.021110381754405907
-0.04309483669801028,-0.02523135507974629,-0.04309483669801028,-0.02523135507974629
-0.04243341068286738,-0.02916815453444613,-0.04243341068286738,-0.02916815453444613
-0.041706524238431505,-0.03274108557210821,-0.041706524238431505,-0.03274108557210821
-0.04094023224994689,-0.03594573870254971,-0.04094023224994689,-0.03594573870254971
-0.04010729854597301,-0.03887168552708023,-0.04010729854597301,-0.03887168552708023
-0.03176178622564583,0.06877149958578806,-0.03176178622564583,0.06877149958578806
-0.033330459093997025,0.06842157451439206,-0.033330459093997025,0.06842157451439206
-0.03434191979359446,0.06715601311979884,-0.03434191979359446,0.06715601311979884
-0.03544689401710801,0.0655190384223223,-0.03544689401710801,0.0655190384223223
-0.036352450508805846,0.06356277550287882,-0.036352450508805846,0.06356277550287882
-0.03705976210315842,0.06121192421011427,-0.03705976210315842,0.06121192421011427
-0.03764120035291408,0.058695954417622404,-0.03764120035291408,0.058695954417622404
-0.038268323213893514,0.056673150844933524,-0.038268323213893514,0.056673150844933524
-0.03893001140427723,0.05407351369271255,-0.03893001140427723,0.05407351369271255
-0.03965364154848648,0.051594438099219354,-0.03965364154848648,0.051594438099219354
-0.04026009021514338,0.04869222769127827,-0.04026009021514338,0.04869222769127827
-0.04078533714535565,0.04547763226381581,-0.04078533714535565,0.04547763226381581
-0.04136691483759324,0.04255699364777229,-0.04136691483759324,0.04255699364777229
-0.0416629156153586,0.03908199578822764,-0.0416629156153586,0.03908199578822764
-0.04221726234484118,0.0359896764713144,-0.04221726234484118,0.0359896764713144
-0.042865916780550864,0.03261820195617729,-0.042865916780550864,0.03261820195617729
-0.04340747314079521,0.028924660857091476,-0.04340747314079521,0.028924660857091476
-0.044066788357549846,0.025197411407496807,-0.044066788357549846,0.025197411407496807
-0.04455688849130867,0.02057574478394534,-0.04455688849130867,0.02057574478394534
-0.04504593189033885,0.01617940329414107,-0.04504593189033885,0.01617940329414107
-0.045273995040704604,0.011643514407791615,-0.045273995040704604,0.011643514407791615
-0.045250985531123354,0.007052489223942914,-0.045250985531123354,0.007052489223942914
-0.04524473742185085,0.002721414106402835,-0.04524473742185085,0.002721414106402835
-0.04496272265354752,-0.0020245351385456403,-0.04496272265354752,-0.0020245351385456403
-0.044705093302029424,-0.006349601580591231,-0.044705093302029424,-0.006349601580591231
-0.044365119885328104,-0.010361610579576677,-0.044365119885328104,-0.010361610579576677
-0.04394878669730701,-0.014167631766672052,-0.04394878669730701,-0.014167631766672052
-0.04352443747323036,-0.017985556703374046,-0.04352443747323036,-0.017985556703374046
-0.04298954107127973,-0.02204310485925983,-0.04298954107127973,-0.02204310485925983
-0.042447236782139616,-0.02609070001642579,-0.042447236782139616,-0.02609070001642579
-0.04180402438116485,-0.029843232400499273,-0.04180402438116485,-0.029843232400499273
-0.04107763543762094,-0.03331551285773881,-0.04107763543762094,-0.03331551285773881
-0.040256808226832495,-0.03648036982576026,-0.040256808226832495,-0.03648036982576026
-0.03087641108147047,0.069168195000457,-0.03087641108147047,0.069168195000457
-0.03245855076936137,0.06869054953156428,-0.03245855076936137,0.06869054953156428
-0.03369425908107401,0.06747743162560903,-0.03369425908107401,0.06747743162560903
-0.0350858965203606,0.06637318858155986,-0.0350858965203606,0.06637318858155986
-0.03593781557404769,0.06412923787104303,-0.03593781557404769,0.06412923787104303
-0.036725631713801304,0.06172116132654888,-0.036725631713801304,0.06172116132654888
-0.03744655450849673,0.0594665356863692,-0.03744655450849673,0.0594665356863692
-0.03811001310988715,0.056991417433432286,-0.03811001310988715,0.056991417433432286
-0.03891046881980056,0.054811055565785013,-0.03891046881980056,0.054811055565785013
-0.039543885570256516,0.05226734201914438,-0.039543885570256516,0.05226734201914438
-0.040152438328723346,0.049612054540503624,-0.040152438328723346,0.049612054540503624
-0.04067860528745051,0.046691595554986434,-0.04067860528745051,0.046691595554986434
-0.04111528202532034,0.043604220495264585,-0.04111528202532034,0.043604220495264585
-0.04159243381943323,0.04032258655506462,-0.04159243381943323,0.04032258655506462
-0.04211249841706229,0.037145311823765924,-0.04211249841706229,0.037145311823765924
-0.042653008723608415,0.033798184176203845,-0.042653008723608415,0.033798184176203845
-0.043194729066096706,0.030180935871575658,-0.043194729066096706,0.030180935871575658
-0.04391397412370802,0.02683856347502634,-0.04391397412370802,0.02683856347502634
-0.04428614096711945,0.022783750116037133,-0.04428614096711945,0.022783750116037133
-0.0447034930551462,0.018434271751639517,-0.0447034930551462,0.018434271751639517
-0.04491797119294931,0.014067217853371356,-0.04491797119294931,0.014067217853371356
-0.04495225789961473,0.00958127682091697,-0.04495225789961473,0.00958127682091697
-0.045043480602739785,0.005428464711613452,-0.045043480602739785,0.005428464711613452
-0.04482130573101973,0.0006592493919821984,-0.04482130573101973,0.0006592493919821984
-0.04459406821534352,-0.0037223391605930847,-0.04459406821534352,-0.0037223391605930847
-0.044313244724661374,-0.007789830570425283,-0.044313244724661374,-0.007789830570425283
-0.04391817495519209,-0.011601027114942944,-0.04391817495519209,-0.011601027114942944
-0.043605433803246954,-0.015087412372889637,-0.043605433803246954,-0.015087412372889637
-0.04312334560784677,-0.018941064399728123,-0.04312334560784677,-0.018941064399728123
-0.04257053834250987,-0.022992254503294184,-0.04257053834250987,-0.022992254503294184
-0.041926723225025615,-0.026990573467986334,-0.041926723225025615,-0.026990573467986334
-0.041188794258832324,-0.030644029173380744,-0.041188794258832324,-0.030644029173380744
-0.0404679424970144,-0.03395549653949905,-0.0404679424970144,-0.03395549653949905
-0.030106136634871238,0.06930703749950082,-0.030106136634871238,0.06930703749950082
-0.03168638377513266,0.06844790445468457,-0.03168638377513266,0.06844790445468457
-0.033132962226017734,0.06758187621151936,-0.033132962226017734,0.06758187621151936
-0.03446453611636802,0.06620089395309396,-0.03446453611636802,0.06620089395309396
-0.035442877027557676,0.0641537062826654,-0.035442877027557676,0.0641537062826654
-0.03632893641724767,0.061845304593121264,-0.03632893641724767,0.061845304593121264
-0.03720274302249524,0.05983400414608724,-0.03720274302249524,0.05983400414608724
-0.0378869996287215,0.05724397361544267,-0.0378869996287215,0.05724397361544267
-0.03870548921580372,0.05523636660665722,-0.03870548921580372,0.05523636660665722
-0.03934561310896844,0.05276501941978845,-0.03934561310896844,0.05276501941978845
-0.03988730839659066,0.05012230053516412,-0.03988730839659066,0.05012230053516412
-0.04040919946003976,0.047454524485232984,-0.04040919946003976,0.047454524485232984
-0.04082314947593364,0.0444362497414258,-0.04082314947593364,0.0444362497414258
-0.04131384968362118,0.041331289267713914,-0.04131384968362118,0.041331289267713914
-0.04179231030574045,0.03806114341759433,-0.04179231030574045,0.03806114341759433
-0.042330381042550005,0.034734796449000696,-0.042330381042550005,0.034734796449000696
-0.04291680357195885,0.031462488473664015,-0.04291680357195885,0.031462488473664015
-0.04353191955761017,0.028042698112785206,-0.04353191955761017,0.028042698112785206
-0.04392325408714868,0.0242369295803254,-0.04392325408714868,0.0242369295803254
-0.04428750813747997,0.020340121376244972,-0.04428750813747997,0.020340121376244972
-0.04450450628378426,0.01605471301685391,-0.04450450628378426,0.01605471301685391
-0.04458483420819145,0.01199621623256536,-0.04458483420819145,0.01199621623256536
-0.044629586843792014,0.007997807510255306,-0.044629586843792014,0.007997807510255306
-0.04446814029389599,0.0034500123657072047,-0.04446814029389599,0.0034500123657072047
-0.044397647529709296,-0.0010665352725839803,-0.044397647529709296,-0.0010665352725839803
-0.04415120373833917,-0.005189110658348683,-0.04415120373833917,-0.005189110658348683
-0.04394169415674497,-0.009119126182223632,-0.04394169415674497,-0.009119126182223632
-0.043694661410761296,-0.012493140823471882,-0.043694661410761296,-0.012493140823471882
-0.04324942786741624,-0.01620289910040897,-0.04324942786741624,-0.01620289910040897
-0.04279145401136171,-0.019999655942575544,-0.04279145401136171,-0.019999655942575544
-0.042166441395588034,-0.02399867219928027,-0.042166441395588034,-0.02399867219928027
-0.04147859800253021,-0.02803382649185817,-0.04147859800253021,-0.02803382649185817
-0.0407335259493344,-0.03145341729424212,-0.0407335259493344,-0.03145341729424212
